NJID,NJName,Rating,AsOfDate
5083,Bergen Catholic,2373.121193,11/19/2019
6324,Ranney,2351.434641,11/19/2019
3019,Newark East Side,2271.241945,11/19/2019
3292,Haddonfield,2257.185631,11/19/2019
5284,Wildwood Catholic,2254.190097,11/19/2019
6301,Gill St. Bernard's,2251.26213,11/19/2019
5214,Camden Catholic,2244.421405,11/19/2019
6202,Roselle Catholic,2226.551111,11/19/2019
3946,Moorestown,2181.44252,11/19/2019
4353,Ramapo,2145.217195,11/19/2019
5348,Montclair Immaculate,2125.780033,11/19/2019
5246,Paul VI,2122.975661,11/19/2019
5067,St. Joseph (Mont.),2115.343783,11/19/2019
5380,St. Benedict's,2109.286088,11/19/2019
5102,Don Bosco Prep,2073.677871,11/19/2019
3055,Elizabeth,2085.336291,11/19/2019
3764,Manasquan,2063.786903,11/19/2019
4976,St. Augustine,2056.332119,11/19/2019
2884,Colonia,2058.78848,11/19/2019
5412,Seton Hall Prep,2042.319885,11/19/2019
4013,New Providence,2041.518204,11/19/2019
6402,Union City,2044.98876,11/19/2019
4631,Teaneck,2033.562801,11/19/2019
4577,Sparta,2026.986173,11/19/2019
5468,Hudson Catholic,2021.872312,11/19/2019
2831,Cherokee,2019.484862,11/19/2019
6248,Trenton Catholic,2006.757706,11/19/2019
6326,Saddle River Day,2004.517033,11/19/2019
6183,Patrick School,1987.560968,11/19/2019
4694,Trenton,1979.282855,11/19/2019
4355,Ramsey,1980.366348,11/19/2019
6181,St. Mary (Eliz.),1974.593563,11/19/2019
6325,Rutgers Prep,1970.048466,11/19/2019
4865,West Side,1973.728889,11/19/2019
6556,Montverde (FL),1965.621888,11/19/2019
2761,Camden,1949.145415,11/19/2019
4686,Toms River North,1952.24118,11/19/2019
6232,Blair,1949.856531,11/19/2019
3435,Hunterdon Central,1943.337161,11/19/2019
6208,Union Catholic,1941.49339,11/19/2019
5767,Christian Brothers,1947.312876,11/19/2019
3111,Fair Lawn,1943.322296,11/19/2019
2739,Burlington City,1935.428516,11/19/2019
4611,Summit,1932.571989,11/19/2019
5623,St. Joseph (Met.),1921.867331,11/19/2019
3528,Paterson Kennedy,1913.530186,11/19/2019
3191,Freehold Township,1917.58969,11/19/2019
4306,Piscataway,1908.641594,11/19/2019
3940,Montgomery,1906.442848,11/19/2019
6763,American History,1899.251548,11/19/2019
6134,Immaculata,1901.22017,11/19/2019
3287,Hackensack,1902.562498,11/19/2019
4992,St. Joseph (Hamm.),1891.68965,11/19/2019
4296,Phillipsburg,1889.684623,11/19/2019
5451,Marist,1887.768423,11/19/2019
4314,Pleasantville,1877.858641,11/19/2019
4859,West Milford,1877.9989,11/19/2019
3966,Mountain Lakes,1879.083536,11/19/2019
4860,West Morris,1871.466266,11/19/2019
4212,Old Bridge,1867.40319,11/19/2019
3758,Mainland,1863.757321,11/19/2019
4202,Ocean City,1859.401591,11/19/2019
2742,Burlington Township,1857.482095,11/19/2019
4832,Watchung Hills,1853.389776,11/19/2019
4849,West Deptford,1864.632986,11/19/2019
4399,Ridgewood,1851.376804,11/19/2019
4835,Wayne Hills,1837.423473,11/19/2019
4517,Shawnee,1837.108125,11/19/2019
3922,Millville,1836.073256,11/19/2019
4906,Dickinson,1836.980336,11/19/2019
3023,Eastern,1824.438665,11/19/2019
3463,Irvington,1826.865688,11/19/2019
4349,Rahway,1818.506837,11/19/2019
5489,St. Peter's Prep,1813.74694,11/19/2019
3939,Montclair,1816.192546,11/19/2019
3229,Glassboro,1814.081319,11/19/2019
4912,Willingboro,1799.807048,11/19/2019
2951,Delsea,1799.273812,11/19/2019
9039,American Christian,1788.597297,11/19/2019
3510,Jefferson,1792.923341,11/19/2019
4710,Union,1792.577478,11/19/2019
4276,Penns Grove,1785.855681,11/19/2019
4764,Wall,1789.313142,11/19/2019
4679,Timber Creek,1778.492163,11/19/2019
6300,Dwight-Englewood,1778.141302,11/19/2019
3683,Lincoln,1775.128753,11/19/2019
4713,University,1776.564405,11/19/2019
4861,Mendham,1775.642917,11/19/2019
5256,Bishop Eustace,1776.323611,11/19/2019
2776,Carteret,1765.97655,11/19/2019
6652,Our Savior New American (NY),1772.346381,11/19/2019
2694,Bound Brook,1768.331156,11/19/2019
3644,Lenape,1763.326509,11/19/2019
8392,Paterson Charter,1767.591652,11/19/2019
6255,Delbarton,1760.185694,11/19/2019
6818,Long Island Lutheran (NY)),1763.174011,11/19/2019
2847,Cinnaminson,1757.159684,11/19/2019
5555,Notre Dame,1756.218214,11/19/2019
3290,Haddon Heights,1753.686726,11/19/2019
9906,Payne Tech,1754.802151,11/19/2019
3361,Snyder,1752.485734,11/19/2019
3409,Holmdel,1753.072294,11/19/2019
3339,Hawthorne,1743.80348,11/19/2019
3899,Middletown South,1746.023335,11/19/2019
5795,Red Bank Catholic,1745.450819,11/19/2019
2872,Clifton,1738.928287,11/19/2019
4633,Tenafly,1730.504068,11/19/2019
7666,Imhotep Charter (PA),1726.635191,11/19/2019
4836,Wayne Valley,1733.756738,11/19/2019
6244,Hopewell Valley,1733.318346,11/19/2019
2833,Cherry Hill East,1727.657243,11/19/2019
4357,Rancocas Valley,1724.016529,11/19/2019
7434,Archbishop Stepinac (NY),1719.018622,11/19/2019
6323,Pennsauken Tech,1724.515978,11/19/2019
6414,North Star Academy,1716.52287,11/19/2019
7114,Nazareth (NY),1724.435922,11/19/2019
2987,Dumont,1717.050586,11/19/2019
4464,Rumson-Fair Haven,1708.283361,11/19/2019
3251,Gov. Livingston,1720.207649,11/19/2019
6157,Pope John,1705.515156,11/19/2019
6493,Hill (PA),1707.254276,11/19/2019
5596,Bishop Ahr,1702.653857,11/19/2019
6478,Westtown (PA),1698.964246,11/19/2019
3749,Madison,1701.389038,11/19/2019
2806,Newark Central,1692.906059,11/19/2019
2658,Bergen Tech,1692.516557,11/19/2019
4768,Wallkill Valley,1690.060895,11/19/2019
4874,Westwood,1692.446454,11/19/2019
3697,Linden,1681.706471,11/19/2019
4257,Pascack Hills,1694.121872,11/19/2019
5557,Lawrenceville,1692.143425,11/19/2019
7092,Perkiomen (PA),1680.858029,11/19/2019
7002,George (PA),1684.42439,11/19/2019
3106,Ewing,1675.951074,11/19/2019
6318,Newark Tech,1680.536252,11/19/2019
6744,Christ the King (NY),1678.04263,11/19/2019
2593,Atlantic City,1671.280761,11/19/2019
3235,Glen Rock,1678.290875,11/19/2019
3177,Franklin,1671.954521,11/19/2019
8605,Foundation Collegiate,1670.01413,11/19/2019
4000,Neptune,1664.45248,11/19/2019
6913,Roman Catholic (PA),1668.690549,11/19/2019
4685,Toms River East,1674.841961,11/19/2019
2947,Delaware Valley,1667.295333,11/19/2019
4035,North Bergen,1663.088986,11/19/2019
5092,Paramus Catholic,1663.661325,11/19/2019
3793,Marlboro,1658.556294,11/19/2019
6497,Haverford (Private) (PA),1663.497442,11/19/2019
4004,New Brunswick,1665.976683,11/19/2019
2996,Dwight-Morrow,1648.703093,11/19/2019
4508,Seneca,1652.397599,11/19/2019
6697,Pennsylvania School for the Deaf (PA),1649.740791,11/19/2019
6294,Academy Charter,1652.376101,11/19/2019
6044,DePaul,1652.672818,11/19/2019
8518,Our Savior Lutheran (NY),1654.966979,11/19/2019
10042,Norcross,1641.695353,11/19/2019
2858,Clayton,1653.905097,11/19/2019
4547,South Brunswick,1644.981766,11/19/2019
4973,Holy Spirit,1639.697731,11/19/2019
7519,Mastery Charter North (PA),1641.472986,11/19/2019
4752,Vineland,1641.650865,11/19/2019
7640,"Philadelphia Math, Sciences and Civics (PA)",1645.614363,11/19/2019
2948,Delran,1641.428415,11/19/2019
3400,Hoboken,1635.977489,11/19/2019
4260,Passaic Tech,1632.373128,11/19/2019
3937,Monroe,1636.861945,11/19/2019
2692,Bordentown,1628.992281,11/19/2019
4284,Pequannock,1634.833592,11/19/2019
2683,Bloomfield,1625.961176,11/19/2019
6604,Paul VI (VA),1627.371218,11/19/2019
8590,Cardinal Hayes (NY),1626.870652,11/19/2019
6330,Doane Academy,1623.228657,11/19/2019
2688,Bogota,1620.677055,11/19/2019
4303,Pinelands,1627.710318,11/19/2019
9587,Girard College (PA),1622.158661,11/19/2019
3479,J.P. Stevens,1626.16841,11/19/2019
4255,Parsippany Hills,1624.598875,11/19/2019
6672,Abington Friends (PA),1615.112648,11/19/2019
6628,Shipley (PA),1620.801217,11/19/2019
4042,North Hunterdon,1620.059097,11/19/2019
4870,Westfield,1621.347138,11/19/2019
3864,Memorial,1613.348889,11/19/2019
3378,Hightstown,1608.144963,11/19/2019
6337,Westampton Tech,1609.791173,11/19/2019
4391,Ridge,1611.991839,11/19/2019
8227,IMG Academy (FL),1605.328726,11/19/2019
5773,Mater Dei,1587.96207,11/19/2019
6895,Father Judge (PA),1596.316949,11/19/2019
3309,Hanover Park,1597.605648,11/19/2019
6573,Wilson (PA),1592.786916,11/19/2019
4951,Wood-Ridge,1597.521881,11/19/2019
6302,Hawthorne Christian,1598.493094,11/19/2019
2826,Chatham,1587.367401,11/19/2019
2890,Columbia,1582.94614,11/19/2019
10052,Berean Christian School (TN),1592.87095,11/19/2019
8136,Sanford (DE),1584.727868,11/19/2019
7662,Jackson (OH),1588.129601,11/19/2019
3731,Lower Cape May,1577.959426,11/19/2019
7213,Blair B,1587.93925,11/19/2019
8470,Springside-Chestnut Hill Academy (PA),1588.016568,11/19/2019
4049,Northern Highlands,1583.130018,11/19/2019
4866,West Windsor-Plainsboro North,1576.589395,11/19/2019
9998,Vashon,1579.832466,11/19/2019
6717,Archbishop Wood (PA),1579.692709,11/19/2019
6817,Solid Rock Christian,1578.896196,11/19/2019
3328,Hasbrouck Heights,1576.919458,11/19/2019
9005,Haverford (Public) (PA),1576.010811,11/19/2019
7802,ANC (PA),1579.82613,11/19/2019
8882,MacDuffie (MA),1571.010938,11/19/2019
7883,New Foundations (PA),1579.392918,11/19/2019
9471,Knox (NY),1566.628333,11/19/2019
4793,Warren Hills,1566.850523,11/19/2019
9829,Covenant Prep,1562.499386,11/19/2019
10009,South Lakes (Va.),1568.284603,11/19/2019
3374,Highland,1564.221388,11/19/2019
3755,Mahwah,1565.141895,11/19/2019
2920,Cresskill,1561.793483,11/19/2019
8101,Sankofa Freedom (PA),1564.970146,11/19/2019
6927,St. Anthony's (NY),1560.264876,11/19/2019
6743,St. Raymond's (NY),1567.225311,11/19/2019
3583,Kingsway,1556.707713,11/19/2019
7317,Council Rock North (PA),1563.402983,11/19/2019
6711,Germantown Academy (PA),1565.137199,11/19/2019
2554,Allentown,1571.146814,11/19/2019
3765,Manchester Regional,1556.807019,11/19/2019
7805,Mercersburg Academy (PA),1554.735979,11/19/2019
5526,Peddie,1551.389618,11/19/2019
9954,West Nottingham (MD),1559.277631,11/19/2019
10055,Tabernacle (NC),1558.658887,11/19/2019
7745,Thurgood Marshall Academy (NY),1556.171105,11/19/2019
6306,Jackson Liberty,1565.199222,11/19/2019
3009,East Brunswick,1556.091864,11/19/2019
6669,Friends Central (PA),1553.013408,11/19/2019
4543,Somerville,1554.308767,11/19/2019
3954,Morris Hills,1549.817199,11/19/2019
3547,Dayton,1553.014682,11/19/2019
7781,Constitution (PA),1549.056839,11/19/2019
6245,Hun,1548.863376,11/19/2019
3291,Haddon Township,1551.65189,11/19/2019
4311,Plainfield,1550.230701,11/19/2019
6835,St. Andrew's (DE),1549.038707,11/19/2019
4829,Washington Township,1543.627842,11/19/2019
4237,Palmyra,1543.648914,11/19/2019
8469,John Carroll (MD),1543.459212,11/19/2019
6216,Oratory,1543.378509,11/19/2019
6740,Phelps (PA),1543.908574,11/19/2019
7133,West Catholic (PA),1535.450323,11/19/2019
9974,Taravella (FLA),1535.215728,11/19/2019
8871,Miami Christian (FL),1530.208364,11/19/2019
7292,Trinity Catholic (CT),1532.104878,11/19/2019
4500,Scotch Plains-Fanwood,1524.851902,11/19/2019
2623,Barringer,1527.316201,11/19/2019
2887,Colts Neck,1523.716811,11/19/2019
8549,Fort Lauderdale (FL),1529.066533,11/19/2019
4360,Randolph,1525.659475,11/19/2019
4742,Verona,1526.233221,11/19/2019
8047,Granite Christian (MD),1529.499009,11/19/2019
8466,Tilton School (NH),1525.229806,11/19/2019
2988,Dunellen,1525.23391,11/19/2019
7359,Warwick Valley (NY),1523.132423,11/19/2019
4505,Secaucus,1515.471748,11/19/2019
6718,Msgr. Bonner (PA),1519.828776,11/19/2019
4048,Northern Burlington,1516.727705,11/19/2019
7730,Rochester School for the Deaf (NY),1527.718506,11/19/2019
3956,Morristown,1513.90138,11/19/2019
6761,Parkland (PA),1520.239393,11/19/2019
3288,Hackettstown,1512.304923,11/19/2019
5161,Holy Cross Prep,1516.373966,11/19/2019
6692,Warwick (NY),1519.778287,11/19/2019
4229,Overbrook,1515.697772,11/19/2019
3018,East Orange,1515.84952,11/19/2019
6625,Philadelphia Montgomery Christian (PA),1512.702242,11/19/2019
7029,Community Academy (PA),1508.89408,11/19/2019
4462,Roxbury,1514.064041,11/19/2019
7119,Lake Forest Academy (IL),1513.202741,11/19/2019
4892,Wildwood,1517.669938,11/19/2019
5716,St. John Vianney,1513.228169,11/19/2019
9193,St. Mary's School for the Deaf (NY),1505.698151,11/19/2019
6677,Easton (PA),1500.206725,11/19/2019
6415,Veritas Christian,1505.583499,11/19/2019
4206,Ocean Township,1501.763464,11/19/2019
3146,Fort Lee,1503.462026,11/19/2019
9980,Mergenthaler Vocational Technical High School,1500.900997,11/19/2019
3589,Kittatinny,1502.832092,11/19/2019
9983,Garner Magnet High School,1499.333658,11/19/2019
6776,Archbishop Carroll (PA),1499.281987,11/19/2019
6976,Salesianum (DE),1499.19308,11/19/2019
10002,South Central (NC),1499.134742,11/19/2019
10024,Learning Academy,1498.733265,11/19/2019
9993,West Charlotte (N.C.),1498.752321,11/19/2019
10026,Federal Way (Wa.),1498.483068,11/19/2019
4404,River Dell,1493.282759,11/19/2019
8195,Msgr. Scanlan (NY),1497.581123,11/19/2019
6846,Cape Henlopen (DE),1497.215632,11/19/2019
3760,Shabazz,1499.644861,11/19/2019
8141,Calvary Christian (FL),1497.027743,11/19/2019
10003,McCracken County (KY),1496.914445,11/19/2019
6605,Middletown (NY),1496.690348,11/19/2019
6508,Calvert Hall (MD),1496.340362,11/19/2019
3894,Middle Township,1493.987295,11/19/2019
9992,Dutchtown (GA),1495.917543,11/19/2019
10061,Cox Mills,1495.978058,11/19/2019
9996,Kennebunk (ME),1495.436412,11/19/2019
6716,Neumann Goretti (PA),1495.24778,11/19/2019
4594,Sterling,1494.226293,11/19/2019
6929,Charlotte (FL),1494.314741,11/19/2019
7208,Caesar Rodney (DE),1494.672745,11/19/2019
10027,Windsor (Ct.),1494.145355,11/19/2019
4185,Nutley,1490.68522,11/19/2019
6701,Valley Forge (PA),1493.283826,11/19/2019
9210,Wilberforce,1486.945084,11/19/2019
9266,Miller School (VA),1491.39619,11/19/2019
4021,Newton,1490.575057,11/19/2019
9320,George Westinghouse (NY),1491.589686,11/19/2019
6250,Caldwell,1494.701184,11/19/2019
10001,Portland (ME),1491.13173,11/19/2019
4910,Williamstown,1488.329792,11/19/2019
8305,Tower Hill (DE),1491.873408,11/19/2019
9032,Eleanor Roosevelt (MD),1489.652793,11/19/2019
9956,Montverde CBD (FL),1488.685898,11/19/2019
9984,Greely (ME),1488.869401,11/19/2019
7283,Whitehall (PA),1488.469662,11/19/2019
3943,Montville,1486.525383,11/19/2019
8934,Freedom Village (NY),1485.27912,11/19/2019
8820,Hackley (NY),1487.919917,11/19/2019
7659,Central (PA),1488.072494,11/19/2019
9978,Taylor Allderdice (PA),1487.737618,11/19/2019
3898,Middletown North,1488.84199,11/19/2019
6249,Pingry,1495.741336,11/19/2019
6642,St. Mark's (DE),1486.779005,11/19/2019
9810,Kellenberg Memorial,1486.430461,11/19/2019
7955,St. Thomas Aquinas (FL),1486.487954,11/19/2019
6985,Martin Luther King (NY),1485.665902,11/19/2019
9162,Southern Lehigh (PA),1484.745369,11/19/2019
4933,Woodbridge,1490.50834,11/19/2019
9298,First Love Christian (PA),1484.553395,11/19/2019
9989,Tate (FL),1483.683384,11/19/2019
9981,Poinciana High School (Fl.),1483.607109,11/19/2019
10028,Executive Education Charter (PA),1483.910024,11/19/2019
7606,New Rochelle (NY),1482.972938,11/19/2019
6947,Cedar Creek,1489.148401,11/19/2019
7021,Kiski (PA),1482.043173,11/19/2019
6358,Abundant Life,1480.60668,11/19/2019
2811,Central Regional,1484.898391,11/19/2019
4375,Red Bank Regional,1480.236047,11/19/2019
8553,Frederick Douglass (NY),1478.417938,11/19/2019
6959,Gilman (MD),1479.469782,11/19/2019
4863,West Orange,1470.286979,11/19/2019
3646,Lenape Valley,1482.819505,11/19/2019
4364,Raritan,1482.055086,11/19/2019
8791,Marsha Stern Talmudical Academy (NY),1475.021962,11/19/2019
4559,South River,1472.360614,11/19/2019
6340,Kushner,1488.472212,11/19/2019
6707,South Shore (NY),1476.835088,11/19/2019
8909,McArthur (FL),1475.174007,11/19/2019
7667,Cumberland Valley (PA),1472.802841,11/19/2019
7574,Kiski School (PA),1479.541822,11/19/2019
2834,Cherry Hill West,1478.620431,11/19/2019
6640,Nazareth (PA),1472.208511,11/19/2019
4938,Woodbury,1467.641848,11/19/2019
2916,Cranford,1473.437001,11/19/2019
4466,Rutherford,1473.414826,11/19/2019
3360,Becton,1477.030277,11/19/2019
8886,Universal Audenried Charter (PA),1469.995722,11/19/2019
10032,Christiana High School (De.),1466.400833,11/19/2019
9716,Eastern University Charter (PA),1466.839754,11/19/2019
9479,Coventry Christian (PA),1461.368942,11/19/2019
6487,Solebury (PA),1472.299083,11/19/2019
7076,Springfield (PA),1470.002572,11/19/2019
6479,Academy New Church (PA),1464.074414,11/19/2019
10051,Hillsborough Baptist School (Fl.),1461.362482,11/19/2019
10011,Waterbury Yeshiva,1462.974166,11/19/2019
7737,William Penn (DE),1461.731108,11/19/2019
7290,Mount Airy Christian (MD),1458.997998,11/19/2019
8102,Fort Hamilton (NY),1466.260204,11/19/2019
9245,Kingswood Oxford (CT),1458.904598,11/19/2019
7377,Harmony Christian (NY),1456.58076,11/19/2019
7565,Saunders (NY),1451.474958,11/19/2019
7043,Bristol (PA),1451.323942,11/19/2019
8229,Prestige Prep,1455.726746,11/19/2019
4965,Woodstown,1455.963508,11/19/2019
8864,Martin Luther King (PA),1454.476016,11/19/2019
3448,Indian Hills,1458.833034,11/19/2019
3711,Livingston,1454.369909,11/19/2019
3482,Jackson Memorial,1457.596187,11/19/2019
2646,Belleville,1460.812187,11/19/2019
6728,Pomfret (CT),1449.824007,11/19/2019
6674,Morris County Home Schoolers,1447.569518,11/19/2019
7785,Brandywine (DE),1447.353275,11/19/2019
4472,Salem,1454.087024,11/19/2019
3818,Matawan,1450.017236,11/19/2019
8022,Boys' Latin (PA),1451.781708,11/19/2019
8241,Bergtraum (NY),1448.886421,11/19/2019
9808,Olympus Prep,1455.319677,11/19/2019
6633,Pen Argyl (PA),1450.72969,11/19/2019
7325,Ross Corners Christian (NY),1446.755908,11/19/2019
9836,Perry Hall Christian (Md.),1445.510959,11/19/2019
5120,St. Mary (Ruth.),1454.260053,11/19/2019
2711,Brick Township,1443.29398,11/19/2019
6821,Berkshire (MA),1444.632568,11/19/2019
4261,Passaic,1441.910119,11/19/2019
8936,Cross Christian (DE),1433.615659,11/19/2019
3301,Nottingham,1439.824298,11/19/2019
9791,Keswick Christian (FL),1445.09994,11/19/2019
2587,Asbury Park,1436.270988,11/19/2019
4331,Princeton,1444.474257,11/19/2019
6742,City Center Academy (PA),1439.264425,11/19/2019
3031,Edison,1437.932032,11/19/2019
9437,Agape Christian,1439.034137,11/19/2019
2767,Cape May Tech,1439.392696,11/19/2019
10005,A.D.I.C.T. Academy (Canada),1434.170484,11/19/2019
7638,Montgomery Blair (MD),1441.485384,11/19/2019
3026,Paterson Eastside,1431.645708,11/19/2019
8317,Allegany-Limestone (NY),1434.758823,11/19/2019
3761,Manalapan,1442.054535,11/19/2019
4222,Orange,1430.389088,11/19/2019
9985,KIPP NYC,1431.451303,11/19/2019
7461,John Jay (NY),1429.603759,11/19/2019
3935,Monmouth,1441.323835,11/19/2019
9744,Penn-Trafford (PA),1432.799464,11/19/2019
6380,Community,1427.138112,11/19/2019
4522,Shore,1435.490205,11/19/2019
3042,Egg Harbor,1426.270014,11/19/2019
3716,Long Branch,1428.008375,11/19/2019
4927,Winslow,1419.690618,11/19/2019
9800,Canterbury (FL),1425.742087,11/19/2019
8592,Solomon Schechter (NY),1424.025836,11/19/2019
9297,Delcastle Tech (DE),1423.012991,11/19/2019
8861,Marion P. Thomas Charter,1431.359261,11/19/2019
6246,Pennington,1425.2394,11/19/2019
6656,Conwell-Egan (PA),1424.764989,11/19/2019
5976,Donovan Catholic,1426.589912,11/19/2019
6688,Malvern Prep (PA),1424.415039,11/19/2019
2584,Arts,1427.586183,11/19/2019
9986,Wicomico (MD),1419.031159,11/19/2019
3208,Garfield,1414.1848,11/19/2019
3067,Emerson Boro,1414.138041,11/19/2019
3586,Kinnelon,1418.262886,11/19/2019
9675,Cristo Rey (PA),1416.464802,11/19/2019
5232,Gloucester Catholic,1409.879906,11/19/2019
4757,Voorhees,1405.245995,11/19/2019
5829,Morris Catholic,1402.250581,11/19/2019
4028,Old Tappan,1404.854422,11/19/2019
6693,Friends Select (PA),1410.155599,11/19/2019
3885,Metuchen,1405.558174,11/19/2019
6376,Faith Christian,1402.561487,11/19/2019
2861,Clearview,1394.074534,11/19/2019
6390,Gloucester Christian,1384.012918,11/19/2019
10057,MCCHE (Nj.),1388.970908,11/19/2019
4290,Perth Amboy Tech,1394.756277,11/19/2019
9749,Science Leadership,1393.713364,11/19/2019
9218,Tacony Academy (PA),1387.942336,11/19/2019
6457,Baptist Regional,1386.509621,11/19/2019
9944,St. James (MD),1381.850492,11/19/2019
3650,Leonia,1396.08413,11/19/2019
6295,Barnstable,1387.100655,11/19/2019
8522,Conrad Science (DE),1381.585435,11/19/2019
6452,United Christian,1388.865081,11/19/2019
3426,Howell,1370.198267,11/19/2019
6338,Katzenbach,1378.572141,11/19/2019
6768,Jenkintown (PA),1371.016957,11/19/2019
3598,Lacey,1376.735409,11/19/2019
5700,St. Rose,1371.347281,11/19/2019
6247,Princeton Day,1364.761962,11/19/2019
4581,Spotswood,1367.11792,11/19/2019
2712,Brick Memorial,1364.155361,11/19/2019
7100,Rhode Island School for the Deaf (RI),1363.563217,11/19/2019
3573,Kearny,1368.715746,11/19/2019
8692,Al-Ghazaly,1358.501513,11/19/2019
4307,Piscataway Tech,1363.51712,11/19/2019
8673,Hillel,1363.732475,11/19/2019
6627,Pine Forge (PA),1367.645239,11/19/2019
4767,Wallington,1367.261551,11/19/2019
6400,Newark Collegiate,1359.509017,11/19/2019
6253,Newark Academy,1354.811103,11/19/2019
9321,City School (PA),1358.911048,11/19/2019
3300,Steinert,1353.822816,11/19/2019
3243,Gloucester,1362.511416,11/19/2019
3740,Lyndhurst,1353.286531,11/19/2019
6578,Germantown Friends (PA),1349.861482,11/19/2019
4270,Paulsboro,1346.245044,11/19/2019
6485,International Christian (PA),1350.594407,11/19/2019
2982,McNair,1347.599608,11/19/2019
4258,Pascack Valley,1346.799235,11/19/2019
4278,Pennsauken,1350.009132,11/19/2019
2958,Deptford,1345.488892,11/19/2019
4193,Oakcrest,1345.511018,11/19/2019
6332,Trinity Christian,1339.538285,11/19/2019
2760,Camden Tech,1337.591374,11/19/2019
4572,Southern,1338.40873,11/19/2019
7502,Kohelet (PA),1335.510178,11/19/2019
6256,Morristown-Beard,1333.391262,11/19/2019
3873,Elmwood Park,1328.969293,11/19/2019
2622,Barnegat,1327.560296,11/19/2019
6385,Pilgrim Academy,1331.172778,11/19/2019
2972,Dover,1328.552873,11/19/2019
3234,Glen Ridge,1321.34673,11/19/2019
4050,Demarest,1311.369776,11/19/2019
4551,South Hunterdon,1320.681049,11/19/2019
4239,Paramus,1322.674075,11/19/2019
9472,Eagle Academy,1320.337918,11/19/2019
4839,Weehawken,1321.314146,11/19/2019
2714,Bridgewater-Raritan,1314.677617,11/19/2019
2669,Bernards,1316.509655,11/19/2019
3713,Lodi,1311.313291,11/19/2019
4840,Weequahic,1309.682097,11/19/2019
4395,Ridgefield,1315.223269,11/19/2019
6946,Tottenville (NY),1314.4172,11/19/2019
6460,North Jersey Home Schoolers,1303.927064,11/19/2019
6349,Hoboken Charter,1310.058112,11/19/2019
4264,Passaic Valley,1311.163858,11/19/2019
2882,Collingswood,1313.373458,11/19/2019
6463,King's Christian,1311.117146,11/19/2019
2713,Bridgeton,1305.795489,11/19/2019
3396,Hillside,1300.570374,11/19/2019
2601,Audubon,1302.72119,11/19/2019
6311,Medford Tech,1291.845667,11/19/2019
2579,Johnson,1284.516289,11/19/2019
7967,Calvary Christian (Old Bridge),1293.692751,11/19/2019
3637,Lawrence,1286.849763,11/19/2019
4956,Woodrow Wilson,1288.919044,11/19/2019
4556,South Plainfield,1293.95372,11/19/2019
3699,Lindenwold,1292.348669,11/19/2019
4037,North Brunswick,1281.871851,11/19/2019
6315,Moorestown Friends,1281.599874,11/19/2019
6001,Eastern Christian,1279.893157,11/19/2019
7537,Atlantic Tech,1273.266828,11/19/2019
3371,High Point,1273.185976,11/19/2019
4409,Riverside,1269.132624,11/19/2019
8615,People's Prep,1268.719405,11/19/2019
4289,Perth Amboy,1260.159806,11/19/2019
3897,Middlesex,1260.363495,11/19/2019
3302,Hamilton West,1260.199877,11/19/2019
7047,Faith Christian (PA),1264.790089,11/19/2019
4308,Pitman,1263.560967,11/19/2019
6990,Koinonia,1258.041994,11/19/2019
4318,Point Pleasant Boro,1255.021603,11/19/2019
2494,Roselle,1258.170072,11/19/2019
4236,Palisades Park,1258.882317,11/19/2019
9040,Stem Civics,1253.399565,11/19/2019
4538,Somerset Tech,1258.421702,11/19/2019
6327,Golda Och,1252.774718,11/19/2019
4741,Vernon,1259.184351,11/19/2019
4396,Ridgefield Park,1242.369592,11/19/2019
3387,Hillsborough,1240.289066,11/19/2019
6316,Morris Tech,1240.566813,11/19/2019
6350,Life Center,1233.786051,11/19/2019
6252,Montclair Kimberley,1228.91771,11/19/2019
3915,Millburn,1222.305891,11/19/2019
4855,West Essex,1225.873125,11/19/2019
6673,Green Meadow Waldorf (NY),1222.384803,11/19/2019
6448,Cristo Rey (formerly Christ the King),1206.787572,11/19/2019
3903,Midland Park,1222.124769,11/19/2019
4414,Robbinsville,1215.599185,11/19/2019
6254,Sayreville,1213.482164,11/19/2019
8097,Bergen Charter,1221.080103,11/19/2019
8851,Academy for Urban Leadership Charter,1202.309213,11/19/2019
4044,North Plainfield,1200.524059,11/19/2019
2662,Bergenfield,1193.219745,11/19/2019
3955,Morris Knolls,1195.098525,11/19/2019
2690,Boonton,1202.592972,11/19/2019
2785,Cedar Grove,1189.170867,11/19/2019
2927,Cumberland,1188.758588,11/19/2019
6369,Atlantic Christian,1194.436067,11/19/2019
3305,Hammonton,1190.907794,11/19/2019
3188,Freehold Borough,1184.394536,11/19/2019
6406,West Caldwell Tech,1185.90753,11/19/2019
3488,Ferris,1191.07899,11/19/2019
6367,Bergen County Christian,1181.071528,11/19/2019
4867,West Windsor-Plainsboro South,1174.547551,11/19/2019
4469,Saddle Brook,1168.643965,11/19/2019
3766,Manchester Township,1166.982514,11/19/2019
4254,Parsippany,1165.001718,11/19/2019
4321,Pompton Lakes,1157.01398,11/19/2019
3133,Florence,1148.003282,11/19/2019
9470,Mastery Charter,1139.846755,11/19/2019
7054,Delaware School for the Deaf (DE),1140.104077,11/19/2019
3619,Lakewood,1138.269773,11/19/2019
3375,Highland Park,1138.733101,11/19/2019
9717,Sinai Christian,1132.761955,11/19/2019
3579,Keyport,1134.840766,11/19/2019
2933,Brearley,1134.076786,11/19/2019
4696,Triton,1111.115097,11/19/2019
4457,Roselle Park,1115.218126,11/19/2019
3774,Manville,1116.038709,11/19/2019
2581,Schalick,1101.895445,11/19/2019
4274,Pemberton,1092.893917,11/19/2019
4546,South Amboy,1088.307252,11/19/2019
3209,Gateway,1089.259083,11/19/2019
3359,Henry Hudson,1084.987878,11/19/2019
6308,Kearny Christian,1094.74554,11/19/2019
6354,Noor-ul-iman,1079.655357,11/19/2019
2629,Bayonne,1082.754833,11/19/2019
3961,Mount Olive,1089.611938,11/19/2019
4876,Whippany Park,1065.847535,11/19/2019
3245,Gloucester Tech,1058.010024,11/19/2019
6297,Camden Academy Charter,1064.610425,11/19/2019
4006,New Egypt,1052.029219,11/19/2019
6331,Timothy Christian,1049.832942,11/19/2019
2651,Belvidere,1051.853311,11/19/2019
2747,Butler,1057.789984,11/19/2019
3471,Iselin Kennedy,1054.742565,11/19/2019
4317,Point Pleasant Beach,1037.474091,11/19/2019
2868,Cliffside Park,1048.38508,11/19/2019
4687,Toms River South,1045.16963,11/19/2019
9233,Great Oaks Charter,1029.610877,11/19/2019
6336,Wardlaw-Hartridge,1026.899503,11/19/2019
8395,METS Charter,1015.791408,11/19/2019
4045,North Warren,1013.193951,11/19/2019
3572,Keansburg,992.4054741,11/19/2019
3010,East Brunswick Tech,982.1634274,11/19/2019
4282,Pennsville,969.4550686,11/19/2019
3615,Lakeland,970.4671773,11/19/2019
2498,Absegami,966.8967759,11/19/2019
2737,Buena,958.1668947,11/19/2019
8520,Vineland Prep,956.8508659,11/19/2019
3413,Hopatcong,957.1739469,11/19/2019
9446,Passaic Charter,947.845479,11/19/2019
4499,Science Park,933.7145559,11/19/2019
6353,LEAP Academy,937.1275154,11/19/2019
3778,Maple Shade,929.5763801,11/19/2019
4033,North Arlington,930.8209655,11/19/2019
4762,Waldwick,917.5556575,11/19/2019
6341,Warren Tech,923.3300143,11/19/2019
4011,New Milford,913.7827461,11/19/2019
4244,Park Ridge,912.2608484,11/19/2019
6446,Salem Tech,871.9085837,11/19/2019
6333,University Charter,883.6388688,11/19/2019
3322,Harrison,875.5537782,11/19/2019
8829,Freedom Prep Charter,868.981801,11/19/2019
4632,Technology,825.6313337,11/19/2019
8859,Central Jersey College Charter,776.3380291,11/19/2019
8291,Bard,734.7452316,11/19/2019
4617,Sussex Tech,648.7696335,11/19/2019
,,,
,,,
,,,
,,,
,,,
,,,
,,,
,,,
,,,
,,,
,,,
,,,
,,,
,,,
,,,
,,,
,,,
,,,
,,,
,,,
,,,
,,,
,,,
,,,
,,,
,,,
,,,
,,,
,,,
,,,
,,,
,,,
,,,
,,,
,,,
,,,
,,,
,,,
,,,
,,,
,,,
,,,
,,,
,,,
,,,
,,,
,,,
,,,
,,,
,,,
,,,
,,,
,,,
,,,
,,,
,,,
,,,
,,,
,,,
,,,
,,,
,,,
,,,
,,,
,,,
,,,
,,,
,,,
,,,
,,,
,,,
,,,
,,,
,,,
,,,
,,,
,,,
,,,
,,,
,,,
,,,
,,,
,,,
,,,
,,,
,,,
,,,
,,,
,,,
,,,
,,,
,,,
,,,
,,,
,,,
,,,
,,,
,,,
,,,
,,,
,,,
,,,
,,,
,,,
,,,
,,,
,,,
,,,
,,,
,,,
,,,
,,,
,,,
,,,
,,,
,,,
,,,
,,,
,,,
,,,
,,,
,,,
,,,
,,,
,,,
,,,
,,,
,,,
,,,
,,,
,,,
,,,
,,,
,,,
,,,
,,,
,,,
,,,
,,,
,,,
,,,
,,,
,,,
,,,
,,,
,,,
,,,
,,,
,,,
,,,
,,,
,,,
,,,
,,,
,,,
,,,
,,,
,,,
,,,
,,,
,,,
,,,
,,,
,,,
,,,
,,,
,,,
,,,
,,,
,,,
,,,
,,,
,,,
,,,
,,,
,,,
,,,
,,,
,,,
,,,
,,,
,,,
,,,
,,,
,,,
,,,
,,,
,,,
,,,
,,,
,,,
,,,
,,,
,,,
,,,
,,,
,,,
,,,
,,,
,,,
,,,
,,,
,,,
,,,
,,,
,,,
,,,
,,,
,,,
,,,
,,,
,,,
,,,
,,,
,,,
,,,
,,,
,,,
,,,
,,,
,,,
,,,
,,,
,,,
,,,
,,,
,,,
,,,
,,,
,,,
,,,
,,,
,,,
,,,
,,,
,,,
,,,
,,,
,,,
,,,
,,,
,,,
,,,
,,,
,,,
,,,
,,,
,,,
,,,
,,,
,,,
,,,
,,,
,,,
,,,
,,,
,,,
,,,
,,,
,,,
,,,
,,,
,,,
,,,
,,,
,,,
,,,
,,,
,,,
,,,
,,,
,,,
,,,
,,,
,,,
,,,
,,,
,,,
,,,
,,,
,,,
,,,
,,,
,,,
,,,
,,,
,,,
,,,
,,,
,,,
,,,
,,,
,,,
,,,
,,,
,,,
,,,
,,,
,,,
,,,
,,,
,,,
,,,
,,,
,,,
,,,
,,,
,,,
,,,
,,,
,,,
,,,
,,,
,,,
,,,
,,,
,,,
,,,
,,,
,,,
,,,
,,,
,,,
,,,
,,,
,,,
,,,
,,,
,,,
,,,
,,,
,,,
,,,
,,,
,,,
,,,
,,,
,,,
,,,
,,,
,,,
,,,
,,,
,,,
,,,
,,,
,,,
,,,
,,,
,,,
,,,
,,,
,,,
,,,
,,,
,,,
,,,
,,,
,,,
,,,
,,,
,,,
,,,
,,,
,,,
,,,
,,,
,,,
,,,
,,,
,,,
,,,
,,,
,,,
,,,
,,,
,,,
,,,
,,,
,,,
,,,
,,,
,,,
,,,
,,,
,,,
,,,
,,,
,,,
,,,
,,,
,,,
,,,
,,,
,,,
,,,
,,,
,,,
,,,
,,,
,,,
,,,
,,,
,,,
,,,
,,,
,,,
,,,
,,,
,,,
,,,
,,,
,,,
,,,
,,,
,,,
,,,
,,,
,,,
,,,
,,,
,,,
,,,
,,,
,,,
,,,
,,,
,,,
,,,
,,,
,,,
,,,
,,,
,,,
,,,
,,,
,,,
,,,
,,,
,,,
,,,
,,,
,,,
,,,
,,,
,,,
,,,
,,,
,,,
,,,
,,,
,,,
,,,
,,,
,,,
,,,
,,,
,,,
,,,
,,,
,,,
,,,
,,,
,,,
,,,
,,,
,,,
,,,
,,,
,,,
,,,
,,,
,,,
,,,
,,,
,,,
,,,
,,,
,,,
,,,
,,,
,,,
,,,
,,,
,,,
,,,
,,,
,,,
,,,
,,,
,,,
,,,
,,,
,,,
,,,
,,,
,,,
,,,
,,,
,,,
,,,
,,,
,,,
,,,
,,,
,,,
,,,
,,,
,,,
,,,
,,,
,,,
,,,
,,,
,,,
,,,
,,,
,,,
,,,
,,,
,,,
,,,
,,,
,,,
,,,
,,,
,,,
,,,
,,,
,,,
,,,
,,,
,,,
,,,
,,,
,,,
,,,
,,,
,,,
,,,
,,,
,,,
,,,
,,,
,,,
,,,
,,,
,,,
,,,
,,,
,,,
,,,
,,,
,,,
,,,
,,,
,,,
,,,
,,,
,,,
,,,
,,,
,,,
,,,
,,,
,,,
,,,
,,,
,,,
,,,
,,,
,,,
,,,
,,,
,,,
,,,
,,,
,,,
,,,
,,,
,,,
,,,
,,,
,,,
,,,
,,,
,,,
,,,
,,,
,,,
,,,
,,,
,,,
,,,
,,,
,,,
,,,
,,,
,,,
,,,
,,,
,,,
,,,
,,,
,,,
,,,
,,,
,,,
,,,
,,,
,,,
,,,
,,,
,,,
,,,
,,,
,,,
,,,
,,,
,,,
,,,
,,,
,,,
,,,
,,,
,,,
,,,
,,,
,,,
,,,
,,,
,,,
,,,
,,,
,,,
,,,
,,,
,,,
,,,
,,,
,,,
,,,
,,,
,,,
,,,
,,,
,,,
,,,
,,,
,,,
,,,
,,,
,,,
,,,
,,,
